{"cameraMode":{"drawMode":0,"name":"Shaded","section":"Shading Mode"},"sceneLighting":true,"audioPlay":false,"sceneViewState":{"m_AlwaysRefresh":false,"showFog":true,"showSkybox":true,"showFlares":true,"showImageEffects":true,"showParticleSystems":true,"showVisualEffectGraphs":true,"m_FxEnabled":true},"in2DMode":false,"pivot":{"x":156.47210693359376,"y":267.0040588378906,"z":0.44915771484375},"rotation":{"x":0.0568646639585495,"y":0.059567373245954517,"z":0.0033534301910549404,"w":-0.9966628551483154},"size":285.8768310546875,"orthographic":false}