{"cameraMode":{"drawMode":0,"name":"Shaded","section":"Shading Mode"},"sceneLighting":false,"audioPlay":false,"sceneViewState":{"m_AlwaysRefresh":false,"showFog":true,"showSkybox":false,"showFlares":true,"showImageEffects":true,"showParticleSystems":true,"showVisualEffectGraphs":true,"m_FxEnabled":true},"in2DMode":false,"pivot":{"x":-2.00142502784729,"y":1.0730756521224976,"z":-1.7467453479766846},"rotation":{"x":-0.11498559266328812,"y":-0.17225268483161927,"z":0.020219705998897554,"w":-0.9781712889671326},"size":1.1189261674880982,"orthographic":false}